,rangoAutovalores,pasos,iters,tiempo
0,25.91211218391877,0.25,580,0.05176544189453125
1,114.9028816141618,0.25,2427,0.18170833587646484
2,231.3491313703673,0.25,2425,0.11243605613708496
3,419.515993577398,0.25,1821,0.05528521537780762
4,657.7491853432172,0.25,4462,0.1466832160949707
5,857.6877459648322,0.25,2979,0.09665155410766602
6,1483.8273551191069,0.25,18855,0.5924785137176514
7,2030.7927391811345,0.25,2356,0.07216811180114746
8,2117.6608559459,0.25,1342,0.04361391067504883
9,2735.6513281345874,0.25,2899,0.1006312370300293
10,3231.856718710456,0.25,9462,0.3051316738128662
11,3320.067373794032,0.25,4106,0.12646937370300293
12,4044.9189198031327,0.25,3892,0.1181037425994873
13,4541.979730787354,0.25,8914,0.2998466491699219
14,5358.327269968615,0.25,1161,0.0353851318359375
15,7158.959193446376,0.25,2381,0.07438373565673828
16,7877.898881542444,0.25,1465,0.036888837814331055
17,8992.498293699038,0.25,2315,0.06316280364990234
18,9424.779561917385,0.25,1421,0.03279685974121094
19,10671.350946713224,0.25,23700,0.6573107242584229
20,10861.256262531591,0.25,2423,0.07030844688415527
21,11751.706248520317,0.25,1152,0.053293704986572266
22,12800.039012785635,0.25,4775,0.15840959548950195
23,17306.77911561314,0.25,2253,0.06924724578857422
24,15572.16801761354,0.25,1269,0.04593920707702637
25,15947.106877596778,0.25,2414,0.12254023551940918
26,16952.596051441335,0.25,2316,0.07812309265136719
27,22269.913064011296,0.25,1896,0.032124996185302734
28,17898.90024658939,0.25,872,0.014729022979736328
29,25451.95513079813,0.25,20449,0.40587306022644043
30,21442.82282836756,0.25,9907,0.18527722358703613
31,22866.662767526723,0.25,2456,0.040547847747802734
32,29421.98039366646,0.25,5254,0.18201899528503418
33,28416.31998802142,0.25,3063,0.11817693710327148
34,32482.094148988665,0.25,5324,0.1946852207183838
35,30439.878482379267,0.25,2987,0.11152434349060059
36,36281.78295469264,0.25,3772,0.15163087844848633
37,44598.22215255488,0.25,8591,0.22313761711120605
38,44430.80793075602,0.25,6297,0.10645174980163574
39,44235.6972749866,0.25,1867,0.03066420555114746
40,46225.36643657666,0.25,2725,0.050908803939819336
41,43300.752663192725,0.25,3928,0.07096457481384277
42,51779.40865533454,0.25,1539,0.030417203903198242
43,48617.3100197145,0.25,6107,0.12374091148376465
44,43795.82812082818,0.25,2711,0.04996228218078613
45,56007.08648827573,0.25,6333,0.11528587341308594
46,63375.48297169563,0.25,2140,0.04044747352600098
47,60020.05025725486,0.25,1337,0.02229452133178711
48,55493.78230711984,0.25,69133,1.4528119564056396
49,65691.75405908842,0.25,12690,0.2294018268585205
50,70651.57771927558,0.25,39008,1.0025510787963867
51,68720.84797851573,0.25,19593,0.4653456211090088
52,89196.90706656872,0.25,3901,0.14803481101989746
53,79303.0433598429,0.25,3627,0.09916186332702637
54,63349.11791913951,0.25,3132,0.05153369903564453
55,81263.30013437448,0.25,5572,0.0933370590209961
56,78197.41573625033,0.25,7964,0.1621565818786621
57,75342.32508211334,0.25,2621,0.04305100440979004
58,97759.56200277428,0.25,10555,0.1868891716003418
59,93491.66435369175,0.25,3321,0.09505367279052734
60,82757.73824998751,0.25,2706,0.10618066787719727
61,100222.89322979488,0.25,2005,0.03806662559509277
62,94324.77363040773,0.25,3541,0.05871009826660156
63,114779.97945419914,0.25,2363,0.0501704216003418
64,123855.97005796654,0.25,4733,0.11725211143493652
65,112881.37768309392,0.25,2761,0.045961618423461914
66,101807.21241214182,0.25,2548,0.04168128967285156
67,119184.15891764652,0.25,7185,0.11799955368041992
68,120823.88937780198,0.25,7404,0.2271568775177002
69,103765.01338364932,0.25,1096,0.04221940040588379
70,120845.29258845268,0.25,7808,0.17915892601013184
71,160969.831277606,0.25,2073,0.034528493881225586
72,152176.41098457723,0.25,4002,0.07507586479187012
73,142301.88553298527,0.25,18834,0.381345272064209
74,148110.64418963238,0.25,3866,0.06430721282958984
75,148112.2485348474,0.25,5632,0.0964503288269043
76,158142.71136584843,0.25,3021,0.055908203125
77,177328.1846003543,0.25,13592,0.3264904022216797
78,155587.11073547354,0.25,180001,3.710644483566284
79,144442.71623412424,0.25,6207,0.11745381355285645
80,149376.98800776032,0.25,12933,0.2272953987121582
81,170418.35140165203,0.25,10282,0.16851377487182617
82,150730.83413742695,0.25,22165,0.5222492218017578
83,169217.22667594525,0.25,14572,0.2633848190307617
84,163505.22215288918,0.25,2669,0.04797053337097168
85,176709.622809962,0.25,2633,0.04689168930053711
86,185721.75304296688,0.25,5340,0.09881019592285156
87,244590.2456101976,0.25,3167,0.05458235740661621
88,207626.6687354229,0.25,7440,0.15542316436767578
89,188212.0134939497,0.25,1401,0.02413773536682129
90,230315.8144048959,0.25,6839,0.12805771827697754
91,224615.3735982258,0.25,4170,0.06782031059265137
92,223463.51116008693,0.25,10038,0.18915224075317383
93,188823.3652396909,0.25,6570,0.10871601104736328
94,238622.3307053795,0.25,7559,0.14055824279785156
95,207126.78101130005,0.25,5882,0.09647870063781738
96,204013.8868348868,0.25,2283,0.03718876838684082
97,220471.82244227792,0.25,1745,0.05311131477355957
98,278204.0083830989,0.25,4556,0.14400243759155273
99,339131.4913032096,0.25,1644,0.060965538024902344
100,25.91211218391877,0.5,370,0.013407230377197266
101,114.9028816141618,0.5,1446,0.054882049560546875
102,231.3491313703673,0.5,1452,0.03983807563781738
103,419.515993577398,0.5,943,0.016231775283813477
104,657.7491853432172,0.5,2547,0.04197859764099121
105,857.6877459648322,0.5,1510,0.02449202537536621
106,1483.8273551191069,0.5,6206,0.13717055320739746
107,2030.7927391811345,0.5,1094,0.021745681762695312
108,2117.6608559459,0.5,632,0.010261297225952148
109,2735.6513281345874,0.5,1666,0.02894115447998047
110,3231.856718710456,0.5,5244,0.08698844909667969
111,3320.067373794032,0.5,2550,0.04361248016357422
112,4044.9189198031327,0.5,1973,0.032267093658447266
113,4541.979730787354,0.5,4671,0.07923746109008789
114,5358.327269968615,0.5,674,0.012134075164794922
115,7158.959193446376,0.5,1231,0.021208524703979492
116,7877.898881542444,0.5,817,0.013582468032836914
117,8992.498293699038,0.5,1211,0.019839048385620117
118,9424.779561917385,0.5,764,0.012463569641113281
119,10671.350946713224,0.5,8666,0.1508474349975586
120,10861.256262531591,0.5,1115,0.0182492733001709
121,11751.706248520317,0.5,797,0.013103485107421875
122,12800.039012785635,0.5,2496,0.040943145751953125
123,17306.77911561314,0.5,1163,0.041297197341918945
124,15572.16801761354,0.5,725,0.026215553283691406
125,15947.106877596778,0.5,1143,0.04466414451599121
126,16952.596051441335,0.5,1242,0.03516888618469238
127,22269.913064011296,0.5,1204,0.01993393898010254
128,17898.90024658939,0.5,472,0.00903940200805664
129,25451.95513079813,0.5,9910,0.19290375709533691
130,21442.82282836756,0.5,4548,0.08716273307800293
131,22866.662767526723,0.5,1124,0.01915597915649414
132,29421.98039366646,0.5,2774,0.04623556137084961
133,28416.31998802142,0.5,1509,0.03254127502441406
134,32482.094148988665,0.5,2970,0.054486751556396484
135,30439.878482379267,0.5,1649,0.033808231353759766
136,36281.78295469264,0.5,2156,0.07026934623718262
137,44598.22215255488,0.5,3104,0.060776710510253906
138,44430.80793075602,0.5,3407,0.05944204330444336
139,44235.6972749866,0.5,956,0.028901100158691406
140,46225.36643657666,0.5,1232,0.029304027557373047
141,43300.752663192725,0.5,1742,0.03353595733642578
142,51779.40865533454,0.5,747,0.012428522109985352
143,48617.3100197145,0.5,2945,0.0488123893737793
144,43795.82812082818,0.5,1515,0.029227733612060547
145,56007.08648827573,0.5,2480,0.051193952560424805
146,63375.48297169563,0.5,1130,0.04273223876953125
147,60020.05025725486,0.5,747,0.02842569351196289
148,55493.78230711984,0.5,37388,0.6969866752624512
149,65691.75405908842,0.5,5475,0.10006451606750488
150,70651.57771927558,0.5,27969,0.6349983215332031
151,68720.84797851573,0.5,9743,0.19618487358093262
152,89196.90706656872,0.5,2089,0.03467297554016113
153,79303.0433598429,0.5,1994,0.03803896903991699
154,63349.11791913951,0.5,1513,0.025174379348754883
155,81263.30013437448,0.5,2256,0.04187798500061035
156,78197.41573625033,0.5,4233,0.08686304092407227
157,75342.32508211334,0.5,1615,0.03751540184020996
158,97759.56200277428,0.5,4795,0.12805891036987305
159,93491.66435369175,0.5,1900,0.07987189292907715
160,82757.73824998751,0.5,1327,0.05874896049499512
161,100222.89322979488,0.5,1311,0.04822874069213867
162,94324.77363040773,0.5,1659,0.02789926528930664
163,114779.97945419914,0.5,1364,0.024059772491455078
164,123855.97005796654,0.5,2735,0.04433774948120117
165,112881.37768309392,0.5,1615,0.02619028091430664
166,101807.21241214182,0.5,1330,0.022685527801513672
167,119184.15891764652,0.5,3549,0.06990838050842285
168,120823.88937780198,0.5,4241,0.08373689651489258
169,103765.01338364932,0.5,631,0.02368450164794922
170,120845.29258845268,0.5,4498,0.11326432228088379
171,160969.831277606,0.5,1151,0.02454543113708496
172,152176.41098457723,0.5,1804,0.030884981155395508
173,142301.88553298527,0.5,9464,0.18543434143066406
174,148110.64418963238,0.5,2386,0.039556026458740234
175,148112.2485348474,0.5,2262,0.05273079872131348
176,158142.71136584843,0.5,1480,0.07044529914855957
177,177328.1846003543,0.5,4573,0.12035822868347168
178,155587.11073547354,0.5,75192,1.6091020107269287
179,144442.71623412424,0.5,3079,0.050260305404663086
180,149376.98800776032,0.5,7583,0.14289546012878418
181,170418.35140165203,0.5,6228,0.20784258842468262
182,150730.83413742695,0.5,15144,0.282024621963501
183,169217.22667594525,0.5,6192,0.10888791084289551
184,163505.22215288918,0.5,1539,0.025331974029541016
185,176709.622809962,0.5,1247,0.020641803741455078
186,185721.75304296688,0.5,2601,0.05153155326843262
187,244590.2456101976,0.5,1518,0.024772167205810547
188,207626.6687354229,0.5,3726,0.08938813209533691
189,188212.0134939497,0.5,620,0.028534412384033203
190,230315.8144048959,0.5,2924,0.06287264823913574
191,224615.3735982258,0.5,2148,0.03474140167236328
192,223463.51116008693,0.5,5984,0.10552620887756348
193,188823.3652396909,0.5,3576,0.08343863487243652
194,238622.3307053795,0.5,4277,0.09345388412475586
195,207126.78101130005,0.5,2776,0.0464169979095459
196,204013.8868348868,0.5,1301,0.021707534790039062
197,220471.82244227792,0.5,860,0.014115333557128906
198,278204.0083830989,0.5,2117,0.03447151184082031
199,339131.4913032096,0.5,992,0.016147613525390625
200,25.91211218391877,0.75,299,0.004848480224609375
201,114.9028816141618,0.75,941,0.01540064811706543
202,231.3491313703673,0.75,1132,0.018591880798339844
203,419.515993577398,0.75,634,0.010694503784179688
204,657.7491853432172,0.75,953,0.015649080276489258
205,857.6877459648322,0.75,971,0.017438411712646484
206,1483.8273551191069,0.75,3572,0.06008028984069824
207,2030.7927391811345,0.75,1012,0.016659259796142578
208,2117.6608559459,0.75,444,0.007591724395751953
209,2735.6513281345874,0.75,1139,0.01871633529663086
210,3231.856718710456,0.75,4025,0.06563019752502441
211,3320.067373794032,0.75,855,0.014148950576782227
212,4044.9189198031327,0.75,1565,0.025336503982543945
213,4541.979730787354,0.75,4403,0.07147789001464844
214,5358.327269968615,0.75,470,0.007636070251464844
215,7158.959193446376,0.75,772,0.02774834632873535
216,7877.898881542444,0.75,444,0.016605615615844727
217,8992.498293699038,0.75,730,0.02670907974243164
218,9424.779561917385,0.75,603,0.022647619247436523
219,10671.350946713224,0.75,7264,0.28060150146484375
220,10861.256262531591,0.75,747,0.02765059471130371
221,11751.706248520317,0.75,428,0.016022205352783203
222,12800.039012785635,0.75,1721,0.06508994102478027
223,17306.77911561314,0.75,799,0.029053449630737305
224,15572.16801761354,0.75,400,0.014845609664916992
225,15947.106877596778,0.75,702,0.025970458984375
226,16952.596051441335,0.75,770,0.030785560607910156
227,22269.913064011296,0.75,643,0.025245189666748047
228,17898.90024658939,0.75,349,0.012743711471557617
229,25451.95513079813,0.75,6495,0.16622638702392578
230,21442.82282836756,0.75,2967,0.0542604923248291
231,22866.662767526723,0.75,702,0.011327028274536133
232,29421.98039366646,0.75,1528,0.024515390396118164
233,28416.31998802142,0.75,1299,0.021112442016601562
234,32482.094148988665,0.75,1461,0.032532453536987305
235,30439.878482379267,0.75,1181,0.03302502632141113
236,36281.78295469264,0.75,1592,0.0266873836517334
237,44598.22215255488,0.75,2461,0.0495915412902832
238,44430.80793075602,0.75,2547,0.06497406959533691
239,44235.6972749866,0.75,523,0.013590335845947266
240,46225.36643657666,0.75,960,0.01575493812561035
241,43300.752663192725,0.75,1384,0.0240938663482666
242,51779.40865533454,0.75,443,0.0075223445892333984
243,48617.3100197145,0.75,1782,0.029662370681762695
244,43795.82812082818,0.75,1170,0.019084692001342773
245,56007.08648827573,0.75,1516,0.025162696838378906
246,63375.48297169563,0.75,610,0.009959220886230469
247,60020.05025725486,0.75,593,0.009623527526855469
248,55493.78230711984,0.75,35296,0.7356212139129639
249,65691.75405908842,0.75,2897,0.04868626594543457
250,70651.57771927558,0.75,17121,0.35610055923461914
251,68720.84797851573,0.75,5141,0.17761802673339844
252,89196.90706656872,0.75,1513,0.024991273880004883
253,79303.0433598429,0.75,1500,0.024326324462890625
254,63349.11791913951,0.75,830,0.014246702194213867
255,81263.30013437448,0.75,1671,0.02776026725769043
256,78197.41573625033,0.75,2643,0.04347634315490723
257,75342.32508211334,0.75,754,0.012561321258544922
258,97759.56200277428,0.75,3143,0.05822634696960449
259,93491.66435369175,0.75,1225,0.020775318145751953
260,82757.73824998751,0.75,888,0.014925241470336914
261,100222.89322979488,0.75,789,0.013109445571899414
262,94324.77363040773,0.75,1305,0.021475553512573242
263,114779.97945419914,0.75,823,0.013472557067871094
264,123855.97005796654,0.75,2018,0.033006906509399414
265,112881.37768309392,0.75,867,0.014117002487182617
266,101807.21241214182,0.75,829,0.013792037963867188
267,119184.15891764652,0.75,3015,0.0702974796295166
268,120823.88937780198,0.75,2024,0.03414416313171387
269,103765.01338364932,0.75,436,0.007297992706298828
270,120845.29258845268,0.75,3190,0.11556506156921387
271,160969.831277606,0.75,781,0.0301206111907959
272,152176.41098457723,0.75,1241,0.04578089714050293
273,142301.88553298527,0.75,6042,0.22045230865478516
274,148110.64418963238,0.75,1504,0.05497550964355469
275,148112.2485348474,0.75,1283,0.05433320999145508
276,158142.71136584843,0.75,870,0.03185606002807617
277,177328.1846003543,0.75,3695,0.1324934959411621
278,155587.11073547354,0.75,70920,1.4286675453186035
279,144442.71623412424,0.75,2420,0.04112744331359863
280,149376.98800776032,0.75,4734,0.09597396850585938
281,170418.35140165203,0.75,3132,0.06012988090515137
282,150730.83413742695,0.75,10190,0.1896984577178955
283,169217.22667594525,0.75,5271,0.14977788925170898
284,163505.22215288918,0.75,779,0.012712717056274414
285,176709.622809962,0.75,1106,0.03300166130065918
286,185721.75304296688,0.75,1395,0.024747371673583984
287,244590.2456101976,0.75,1179,0.01944422721862793
288,207626.6687354229,0.75,2170,0.035491943359375
289,188212.0134939497,0.75,445,0.007294654846191406
290,230315.8144048959,0.75,2008,0.04397773742675781
291,224615.3735982258,0.75,1367,0.02265763282775879
292,223463.51116008693,0.75,2908,0.05420255661010742
293,188823.3652396909,0.75,1505,0.0251767635345459
294,238622.3307053795,0.75,2636,0.043181419372558594
295,207126.78101130005,0.75,2060,0.033392906188964844
296,204013.8868348868,0.75,858,0.0162198543548584
297,220471.82244227792,0.75,567,0.009165287017822266
298,278204.0083830989,0.75,1482,0.024068355560302734
299,339131.4913032096,0.75,699,0.011339664459228516
300,25.91211218391877,0.99,281,0.004580497741699219
301,114.9028816141618,0.99,633,0.010260820388793945
302,231.3491313703673,0.99,647,0.010774612426757812
303,419.515993577398,0.99,379,0.006214618682861328
304,657.7491853432172,0.99,622,0.01538991928100586
305,857.6877459648322,0.99,707,0.020966053009033203
306,1483.8273551191069,0.99,7228,0.17954230308532715
307,2030.7927391811345,0.99,458,0.00810384750366211
308,2117.6608559459,0.99,184,0.003059864044189453
309,2735.6513281345874,0.99,1068,0.018526315689086914
310,3231.856718710456,0.99,776,0.012734174728393555
311,3320.067373794032,0.99,615,0.010101556777954102
312,4044.9189198031327,0.99,929,0.015195369720458984
313,4541.979730787354,0.99,2365,0.058487892150878906
314,5358.327269968615,0.99,298,0.010833024978637695
315,7158.959193446376,0.99,518,0.01936507225036621
316,7877.898881542444,0.99,284,0.011437416076660156
317,8992.498293699038,0.99,650,0.023995161056518555
318,9424.779561917385,0.99,398,0.006632328033447266
319,10671.350946713224,0.99,4491,0.07440471649169922
320,10861.256262531591,0.99,495,0.00815892219543457
321,11751.706248520317,0.99,296,0.004850625991821289
322,12800.039012785635,0.99,1545,0.03715801239013672
323,17306.77911561314,0.99,441,0.007241725921630859
324,15572.16801761354,0.99,250,0.004107475280761719
325,15947.106877596778,0.99,505,0.008291244506835938
326,16952.596051441335,0.99,558,0.009191751480102539
327,22269.913064011296,0.99,590,0.009698867797851562
328,17898.90024658939,0.99,258,0.004221916198730469
329,25451.95513079813,0.99,3029,0.05598759651184082
330,21442.82282836756,0.99,2563,0.043387651443481445
331,22866.662767526723,0.99,371,0.0065441131591796875
332,29421.98039366646,0.99,1261,0.020889759063720703
333,28416.31998802142,0.99,820,0.013993024826049805
334,32482.094148988665,0.99,1299,0.021393299102783203
335,30439.878482379267,0.99,821,0.013820886611938477
336,36281.78295469264,0.99,1032,0.01705145835876465
337,44598.22215255488,0.99,1327,0.021920442581176758
338,44430.80793075602,0.99,2058,0.034104108810424805
339,44235.6972749866,0.99,521,0.014741659164428711
340,46225.36643657666,0.99,715,0.01179051399230957
341,43300.752663192725,0.99,1385,0.022737503051757812
342,51779.40865533454,0.99,430,0.007052183151245117
343,48617.3100197145,0.99,1302,0.021464824676513672
344,43795.82812082818,0.99,485,0.007955551147460938
345,56007.08648827573,0.99,1522,0.02500176429748535
346,63375.48297169563,0.99,661,0.018021583557128906
347,60020.05025725486,0.99,664,0.010937213897705078
348,55493.78230711984,0.99,18511,0.5897629261016846
349,65691.75405908842,0.99,3692,0.06310248374938965
350,70651.57771927558,0.99,4829,0.09368896484375
351,68720.84797851573,0.99,2668,0.0524294376373291
352,89196.90706656872,0.99,761,0.013116121292114258
353,79303.0433598429,0.99,690,0.011379003524780273
354,63349.11791913951,0.99,1124,0.018393516540527344
355,81263.30013437448,0.99,890,0.014446735382080078
356,78197.41573625033,0.99,2289,0.03749823570251465
357,75342.32508211334,0.99,608,0.010788202285766602
358,97759.56200277428,0.99,3492,0.06368660926818848
359,93491.66435369175,0.99,923,0.015104532241821289
360,82757.73824998751,0.99,870,0.01433420181274414
361,100222.89322979488,0.99,576,0.009502649307250977
362,94324.77363040773,0.99,529,0.008762836456298828
363,114779.97945419914,0.99,511,0.008425235748291016
364,123855.97005796654,0.99,1029,0.01723790168762207
365,112881.37768309392,0.99,609,0.011029720306396484
366,101807.21241214182,0.99,704,0.01163625717163086
367,119184.15891764652,0.99,1179,0.01966118812561035
368,120823.88937780198,0.99,1453,0.024334430694580078
369,103765.01338364932,0.99,330,0.00549006462097168
370,120845.29258845268,0.99,2457,0.04163861274719238
371,160969.831277606,0.99,496,0.008843421936035156
372,152176.41098457723,0.99,957,0.015839576721191406
373,142301.88553298527,0.99,6409,0.10731363296508789
374,148110.64418963238,0.99,880,0.015689611434936523
375,148112.2485348474,0.99,1614,0.026576757431030273
376,158142.71136584843,0.99,636,0.02042555809020996
377,177328.1846003543,0.99,1971,0.07584118843078613
378,155587.11073547354,0.99,92892,2.2342638969421387
379,144442.71623412424,0.99,1449,0.052544355392456055
380,149376.98800776032,0.99,6117,0.20907974243164062
381,170418.35140165203,0.99,2631,0.04740190505981445
382,150730.83413742695,0.99,5063,0.08337855339050293
383,169217.22667594525,0.99,3128,0.051613569259643555
384,163505.22215288918,0.99,696,0.013462305068969727
385,176709.622809962,0.99,437,0.01584005355834961
386,185721.75304296688,0.99,1071,0.023883581161499023
387,244590.2456101976,0.99,807,0.024050235748291016
388,207626.6687354229,0.99,1527,0.03996419906616211
389,188212.0134939497,0.99,241,0.003998517990112305
390,230315.8144048959,0.99,946,0.01563549041748047
391,224615.3735982258,0.99,1108,0.01817798614501953
392,223463.51116008693,0.99,1656,0.02819967269897461
393,188823.3652396909,0.99,1283,0.02155590057373047
394,238622.3307053795,0.99,1189,0.024941444396972656
395,207126.78101130005,0.99,1321,0.022318363189697266
396,204013.8868348868,0.99,857,0.014060258865356445
397,220471.82244227792,0.99,357,0.005867958068847656
398,278204.0083830989,0.99,1251,0.022489070892333984
399,339131.4913032096,0.99,420,0.006981372833251953
400,25.91211218391877,0.999,417,0.006876468658447266
401,114.9028816141618,0.999,1238,0.024897336959838867
402,231.3491313703673,0.999,11708,0.3164196014404297
403,419.515993577398,0.999,3761,0.06220674514770508
404,657.7491853432172,0.999,17440,0.3151118755340576
405,857.6877459648322,0.999,9923,0.17321062088012695
406,1483.8273551191069,0.999,180001,4.2424585819244385
407,2030.7927391811345,0.999,6543,0.13308143615722656
408,2117.6608559459,0.999,269,0.01051020622253418
409,2735.6513281345874,0.999,3414,0.12612390518188477
410,3231.856718710456,0.999,92847,1.9736418724060059
411,3320.067373794032,0.999,2078,0.07435750961303711
412,4044.9189198031327,0.999,13825,0.23881173133850098
413,4541.979730787354,0.999,93951,2.4987809658050537
414,5358.327269968615,0.999,351,0.010894298553466797
415,7158.959193446376,0.999,6033,0.18454194068908691
416,7877.898881542444,0.999,579,0.01759028434753418
417,8992.498293699038,0.999,1048,0.03171896934509277
418,9424.779561917385,0.999,717,0.020920991897583008
419,10671.350946713224,0.999,180001,6.133146524429321
420,10861.256262531591,0.999,9206,0.167205810546875
421,11751.706248520317,0.999,943,0.015584230422973633
422,12800.039012785635,0.999,20908,0.6638710498809814
423,17306.77911561314,0.999,1120,0.018326759338378906
424,15572.16801761354,0.999,1383,0.02256917953491211
425,15947.106877596778,0.999,1894,0.030962467193603516
426,16952.596051441335,0.999,6460,0.11976814270019531
427,22269.913064011296,0.999,1131,0.01885366439819336
428,17898.90024658939,0.999,929,0.01535797119140625
429,25451.95513079813,0.999,154901,3.171304941177368
430,21442.82282836756,0.999,68661,1.5954132080078125
431,22866.662767526723,0.999,3991,0.10110640525817871
432,29421.98039366646,0.999,21125,0.5269119739532471
433,28416.31998802142,0.999,6492,0.1163327693939209
434,32482.094148988665,0.999,8505,0.16542792320251465
435,30439.878482379267,0.999,9639,0.16536593437194824
436,36281.78295469264,0.999,1811,0.03794574737548828
437,44598.22215255488,0.999,6420,0.1693425178527832
438,44430.80793075602,0.999,12599,0.27687811851501465
439,44235.6972749866,0.999,396,0.006592273712158203
440,46225.36643657666,0.999,1179,0.02362513542175293
441,43300.752663192725,0.999,7854,0.17352795600891113
442,51779.40865533454,0.999,1011,0.016603708267211914
443,48617.3100197145,0.999,17173,0.30490922927856445
444,43795.82812082818,0.999,2552,0.0419614315032959
445,56007.08648827573,0.999,15829,0.46443676948547363
446,63375.48297169563,0.999,1117,0.04440474510192871
447,60020.05025725486,0.999,1946,0.07185506820678711
448,55493.78230711984,0.999,180001,3.996887445449829
449,65691.75405908842,0.999,128791,2.866054058074951
450,70651.57771927558,0.999,180001,4.136166095733643
451,68720.84797851573,0.999,180001,4.312069416046143
452,89196.90706656872,0.999,13643,0.2714991569519043
453,79303.0433598429,0.999,9248,0.2952115535736084
454,63349.11791913951,0.999,7699,0.2957766056060791
455,81263.30013437448,0.999,6629,0.22302675247192383
456,78197.41573625033,0.999,52504,1.018125057220459
457,75342.32508211334,0.999,7159,0.1282796859741211
458,97759.56200277428,0.999,71959,1.7072043418884277
459,93491.66435369175,0.999,9368,0.2614102363586426
460,82757.73824998751,0.999,5561,0.09000444412231445
461,100222.89322979488,0.999,1704,0.027858257293701172
462,94324.77363040773,0.999,1816,0.029923677444458008
463,114779.97945419914,0.999,1077,0.017611265182495117
464,123855.97005796654,0.999,13803,0.23100066184997559
465,112881.37768309392,0.999,5728,0.18571186065673828
466,101807.21241214182,0.999,3870,0.15108680725097656
467,119184.15891764652,0.999,5987,0.18056511878967285
468,120823.88937780198,0.999,35654,0.7170870304107666
469,103765.01338364932,0.999,703,0.02645277976989746
470,120845.29258845268,0.999,65199,1.513892412185669
471,160969.831277606,0.999,805,0.013286352157592773
472,152176.41098457723,0.999,9827,0.17336726188659668
473,142301.88553298527,0.999,180001,3.7899651527404785
474,148110.64418963238,0.999,6490,0.11967301368713379
475,148112.2485348474,0.999,3883,0.07327818870544434
476,158142.71136584843,0.999,6359,0.1672499179840088
477,177328.1846003543,0.999,119486,2.3286192417144775
478,155587.11073547354,0.999,180001,3.858643054962158
479,144442.71623412424,0.999,21955,0.5401208400726318
480,149376.98800776032,0.999,137359,3.8689639568328857
481,170418.35140165203,0.999,88840,2.3300669193267822
482,150730.83413742695,0.999,180001,4.201128721237183
483,169217.22667594525,0.999,142315,3.4959464073181152
484,163505.22215288918,0.999,1064,0.01755046844482422
485,176709.622809962,0.999,6685,0.11513686180114746
486,185721.75304296688,0.999,16861,0.5829472541809082
487,244590.2456101976,0.999,11627,0.21801352500915527
488,207626.6687354229,0.999,31061,0.8044593334197998
489,188212.0134939497,0.999,1759,0.029556751251220703
490,230315.8144048959,0.999,11591,0.20714688301086426
491,224615.3735982258,0.999,8986,0.15497422218322754
492,223463.51116008693,0.999,71175,1.3799469470977783
493,188823.3652396909,0.999,30519,0.6100070476531982
494,238622.3307053795,0.999,37827,0.9255907535552979
495,207126.78101130005,0.999,23995,0.5257871150970459
496,204013.8868348868,0.999,5078,0.10374140739440918
497,220471.82244227792,0.999,813,0.01593947410583496
498,278204.0083830989,0.999,4277,0.07935214042663574
499,339131.4913032096,0.999,1811,0.03618931770324707
500,25.91211218391877,1.0,1332,0.02158522605895996
501,114.9028816141618,1.0,12300,0.21511292457580566
502,231.3491313703673,1.0,16232,0.36078810691833496
503,419.515993577398,1.0,8424,0.3071739673614502
504,657.7491853432172,1.0,76206,1.549316644668579
505,857.6877459648322,1.0,21740,0.6052303314208984
506,1483.8273551191069,1.0,180001,4.1270952224731445
507,2030.7927391811345,1.0,6210,0.11110067367553711
508,2117.6608559459,1.0,2724,0.057305335998535156
509,2735.6513281345874,1.0,42702,1.037358045578003
510,3231.856718710456,1.0,105286,2.160383701324463
511,3320.067373794032,1.0,65450,1.3459491729736328
512,4044.9189198031327,1.0,60834,1.3006775379180908
513,4541.979730787354,1.0,116500,2.238754987716675
514,5358.327269968615,1.0,2654,0.04377460479736328
515,7158.959193446376,1.0,13246,0.2226705551147461
516,7877.898881542444,1.0,1888,0.03213787078857422
517,8992.498293699038,1.0,11048,0.18836402893066406
518,9424.779561917385,1.0,4116,0.06879782676696777
519,10671.350946713224,1.0,180001,4.44955039024353
520,10861.256262531591,1.0,16722,0.3847310543060303
521,11751.706248520317,1.0,1442,0.03178548812866211
522,12800.039012785635,1.0,31200,0.5749506950378418
523,17306.77911561314,1.0,7408,0.14530467987060547
524,15572.16801761354,1.0,1862,0.031014680862426758
525,15947.106877596778,1.0,18104,0.37055349349975586
526,16952.596051441335,1.0,7784,0.25888633728027344
527,22269.913064011296,1.0,7318,0.13933873176574707
528,17898.90024658939,1.0,1200,0.019793033599853516
529,25451.95513079813,1.0,180001,5.264447212219238
530,21442.82282836756,1.0,110744,2.047978162765503
531,22866.662767526723,1.0,10352,0.1855921745300293
532,29421.98039366646,1.0,76016,1.7501442432403564
533,28416.31998802142,1.0,18048,0.4982891082763672
534,32482.094148988665,1.0,27264,0.8846912384033203
535,30439.878482379267,1.0,17704,0.5433616638183594
536,36281.78295469264,1.0,44282,1.355034351348877
537,44598.22215255488,1.0,44058,1.2962398529052734
538,44430.80793075602,1.0,31866,0.552685022354126
539,44235.6972749866,1.0,4826,0.08044743537902832
540,46225.36643657666,1.0,22720,0.5387752056121826
541,43300.752663192725,1.0,18756,0.39482736587524414
542,51779.40865533454,1.0,4276,0.09884333610534668
543,48617.3100197145,1.0,26654,0.7196149826049805
544,43795.82812082818,1.0,18988,0.40676212310791016
545,56007.08648827573,1.0,25610,0.7479648590087891
546,63375.48297169563,1.0,7182,0.2409040927886963
547,60020.05025725486,1.0,3708,0.11928892135620117
548,55493.78230711984,1.0,180001,4.742573261260986
549,65691.75405908842,1.0,180001,4.073903560638428
550,70651.57771927558,1.0,180001,4.183119297027588
551,68720.84797851573,1.0,180001,4.446381568908691
552,89196.90706656872,1.0,15972,0.36240363121032715
553,79303.0433598429,1.0,28294,0.5502059459686279
554,63349.11791913951,1.0,25492,0.508265495300293
555,81263.30013437448,1.0,24132,0.5019910335540771
556,78197.41573625033,1.0,63770,1.48679518699646
557,75342.32508211334,1.0,5768,0.0952146053314209
558,97759.56200277428,1.0,180001,4.2278053760528564
559,93491.66435369175,1.0,15522,0.27248573303222656
560,82757.73824998751,1.0,21832,0.6495206356048584
561,100222.89322979488,1.0,12448,0.21421146392822266
562,94324.77363040773,1.0,34112,0.8872625827789307
563,114779.97945419914,1.0,3444,0.06438183784484863
564,123855.97005796654,1.0,22568,0.43317580223083496
565,112881.37768309392,1.0,15404,0.47604870796203613
566,101807.21241214182,1.0,11968,0.20057415962219238
567,119184.15891764652,1.0,43552,0.8805592060089111
568,120823.88937780198,1.0,76518,1.793351411819458
569,103765.01338364932,1.0,3558,0.06970667839050293
570,120845.29258845268,1.0,126654,2.875547409057617
571,160969.831277606,1.0,3672,0.06094026565551758
572,152176.41098457723,1.0,17616,0.3380167484283447
573,142301.88553298527,1.0,180001,4.134560823440552
574,148110.64418963238,1.0,28362,0.5210802555084229
575,148112.2485348474,1.0,32286,0.7556166648864746
576,158142.71136584843,1.0,17518,0.5550374984741211
577,177328.1846003543,1.0,180001,5.151010990142822
578,155587.11073547354,1.0,180001,4.092168092727661
579,144442.71623412424,1.0,52406,1.1655550003051758
580,149376.98800776032,1.0,180001,4.273523569107056
581,170418.35140165203,1.0,92760,1.997206687927246
582,150730.83413742695,1.0,180001,3.8176045417785645
583,169217.22667594525,1.0,180001,3.7364015579223633
584,163505.22215288918,1.0,17132,0.3193244934082031
585,176709.622809962,1.0,12004,0.2897372245788574
586,185721.75304296688,1.0,39664,0.8264381885528564
587,244590.2456101976,1.0,12848,0.32643699645996094
588,207626.6687354229,1.0,52112,1.0954387187957764
589,188212.0134939497,1.0,3936,0.07381558418273926
590,230315.8144048959,1.0,27946,0.4912383556365967
591,224615.3735982258,1.0,16942,0.42327189445495605
592,223463.51116008693,1.0,180001,4.212872505187988
593,188823.3652396909,1.0,54040,1.1595954895019531
594,238622.3307053795,1.0,47862,1.1685466766357422
595,207126.78101130005,1.0,33938,0.8554887771606445
596,204013.8868348868,1.0,5618,0.10071444511413574
597,220471.82244227792,1.0,3460,0.06125164031982422
598,278204.0083830989,1.0,10866,0.35747551918029785
599,339131.4913032096,1.0,1786,0.039864540100097656
600,25.91211218391877,0.0,1113,0.02118992805480957
601,114.9028816141618,0.0,1160,0.02256917953491211
602,231.3491313703673,0.0,1509,0.03668975830078125
603,419.515993577398,0.0,585,0.01693439483642578
604,657.7491853432172,0.0,26873,0.5528421401977539
605,857.6877459648322,0.0,3697,0.11450052261352539
606,1483.8273551191069,0.0,10574,0.19965696334838867
607,2030.7927391811345,0.0,811,0.015499591827392578
608,2117.6608559459,0.0,759,0.01756143569946289
609,2735.6513281345874,0.0,7061,0.1589353084564209
610,3231.856718710456,0.0,41286,1.0638306140899658
611,3320.067373794032,0.0,7461,0.13568830490112305
612,4044.9189198031327,0.0,984,0.01671147346496582
613,4541.979730787354,0.0,30756,0.7355916500091553
614,5358.327269968615,0.0,956,0.01649618148803711
615,7158.959193446376,0.0,3618,0.10757184028625488
616,7877.898881542444,0.0,473,0.013451337814331055
617,8992.498293699038,0.0,4702,0.08797144889831543
618,9424.779561917385,0.0,1008,0.0171048641204834
619,10671.350946713224,0.0,5065,0.0830831527709961
620,10861.256262531591,0.0,1098,0.017841100692749023
621,11751.706248520317,0.0,517,0.008465290069580078
622,12800.039012785635,0.0,6222,0.13068342208862305
623,17306.77911561314,0.0,1108,0.0404512882232666
624,15572.16801761354,0.0,380,0.009191751480102539
625,15947.106877596778,0.0,1221,0.020434856414794922
626,16952.596051441335,0.0,5545,0.09774947166442871
627,22269.913064011296,0.0,649,0.011410236358642578
628,17898.90024658939,0.0,291,0.005060434341430664
629,25451.95513079813,0.0,13754,0.2640962600708008
630,21442.82282836756,0.0,2820,0.055803775787353516
631,22866.662767526723,0.0,953,0.015837907791137695
632,29421.98039366646,0.0,1416,0.028752565383911133
633,28416.31998802142,0.0,2823,0.046860694885253906
634,32482.094148988665,0.0,3145,0.05397915840148926
635,30439.878482379267,0.0,1187,0.019168615341186523
636,36281.78295469264,0.0,4306,0.08063697814941406
637,44598.22215255488,0.0,82773,2.033121347427368
638,44430.80793075602,0.0,2126,0.06450247764587402
639,44235.6972749866,0.0,1741,0.03468513488769531
640,46225.36643657666,0.0,590,0.009619712829589844
641,43300.752663192725,0.0,1583,0.02580714225769043
642,51779.40865533454,0.0,1480,0.025375843048095703
643,48617.3100197145,0.0,2019,0.03359675407409668
644,43795.82812082818,0.0,4103,0.06687521934509277
645,56007.08648827573,0.0,4866,0.07862710952758789
646,63375.48297169563,0.0,654,0.010669708251953125
647,60020.05025725486,0.0,376,0.00615692138671875
648,55493.78230711984,0.0,112718,2.626344680786133
649,65691.75405908842,0.0,96977,1.8920674324035645
650,70651.57771927558,0.0,10092,0.21433424949645996
651,68720.84797851573,0.0,25487,0.7920610904693604
652,89196.90706656872,0.0,6994,0.1514279842376709
653,79303.0433598429,0.0,873,0.014925956726074219
654,63349.11791913951,0.0,2010,0.03289055824279785
655,81263.30013437448,0.0,2810,0.047089576721191406
656,78197.41573625033,0.0,3704,0.06557416915893555
657,75342.32508211334,0.0,728,0.022948265075683594
658,97759.56200277428,0.0,6864,0.16054105758666992
659,93491.66435369175,0.0,1359,0.02780294418334961
660,82757.73824998751,0.0,994,0.02081012725830078
661,100222.89322979488,0.0,1114,0.02243638038635254
662,94324.77363040773,0.0,822,0.016626834869384766
663,114779.97945419914,0.0,3218,0.060164451599121094
664,123855.97005796654,0.0,2509,0.07354569435119629
665,112881.37768309392,0.0,628,0.02372574806213379
666,101807.21241214182,0.0,1146,0.04289507865905762
667,119184.15891764652,0.0,2909,0.06501030921936035
668,120823.88937780198,0.0,1663,0.0274813175201416
669,103765.01338364932,0.0,940,0.02956557273864746
670,120845.29258845268,0.0,2929,0.071929931640625
671,160969.831277606,0.0,2249,0.03688168525695801
672,152176.41098457723,0.0,5396,0.15077614784240723
673,142301.88553298527,0.0,7646,0.18870806694030762
674,148110.64418963238,0.0,3930,0.13095426559448242
675,148112.2485348474,0.0,1098,0.018386363983154297
676,158142.71136584843,0.0,1106,0.018954992294311523
677,177328.1846003543,0.0,23317,0.7329883575439453
678,155587.11073547354,0.0,180001,4.719824314117432
679,144442.71623412424,0.0,11670,0.2268509864807129
680,149376.98800776032,0.0,30190,1.0558030605316162
681,170418.35140165203,0.0,4173,0.07066488265991211
682,150730.83413742695,0.0,12841,0.23487544059753418
683,169217.22667594525,0.0,2778,0.05193924903869629
684,163505.22215288918,0.0,524,0.00873708724975586
685,176709.622809962,0.0,6000,0.12923955917358398
686,185721.75304296688,0.0,2961,0.05728507041931152
687,244590.2456101976,0.0,4558,0.09359884262084961
688,207626.6687354229,0.0,5464,0.09319305419921875
689,188212.0134939497,0.0,492,0.015512228012084961
690,230315.8144048959,0.0,1775,0.0675194263458252
691,224615.3735982258,0.0,1294,0.048679351806640625
692,223463.51116008693,0.0,48765,0.9871587753295898
693,188823.3652396909,0.0,5078,0.08876323699951172
694,238622.3307053795,0.0,18245,0.3911135196685791
695,207126.78101130005,0.0,4369,0.08875918388366699
696,204013.8868348868,0.0,1547,0.02550506591796875
697,220471.82244227792,0.0,860,0.02612924575805664
698,278204.0083830989,0.0,3343,0.0725858211517334
699,339131.4913032096,0.0,1017,0.016759157180786133
